date,home_team,away_team,spread,total,moneyline,away_prob,home_prob
2017-02-11 17:00:00,Charlotte Hornets,Los Angeles Clippers,-4.18886335699,207.390096717,0,0.938595038581,0.0614049614192
2017-02-11 19:30:00,Cleveland Cavaliers,Denver Nuggets,5.41519638323,223.80259346,1,0.0751416456211,0.924858354379
2017-02-11 21:00:00,Dallas Mavericks,Orlando Magic,6.47261538849,214.463378257,1,0.00372623641063,0.996273763589
2017-02-11 21:00:00,Houston Rockets,Phoenix Suns,7.12806826146,210.456110206,1,0.00459521183345,0.995404788167
2017-02-11 19:00:00,Indiana Pacers,Milwaukee Bucks,-0.338467014958,216.994669681,1,0.367158211251,0.632841788749
2017-02-11 20:30:00,Oklahoma City Thunder,Golden State Warriors,-11.2736757129,218.526291279,0,0.999098357168,0.000901642831651
2017-02-11 19:30:00,Philadelphia 76ers,Miami Heat,-7.02172100451,209.49168269,0,0.990025150321,0.00997484967934
2017-02-11 22:00:00,Utah Jazz,Boston Celtics,3.341633559,221.880721663,1,0.115686534047,0.884313465953
2017-02-11 17:00:00,Charlotte Hornets,Los Angeles Clippers,-4.30673611481,206.896307513,0,0.930364968698,0.0696350313023
2017-02-11 19:30:00,Cleveland Cavaliers,Denver Nuggets,5.07368812811,225.640455203,1,0.0834563282631,0.916543671737
2017-02-11 21:00:00,Dallas Mavericks,Orlando Magic,6.76559991693,212.426027536,1,0.00379569555184,0.996204304448
2017-02-11 21:00:00,Houston Rockets,Phoenix Suns,6.94651301334,212.521374974,1,0.00476627870608,0.995233721294
2017-02-11 19:00:00,Indiana Pacers,Milwaukee Bucks,-0.728143470573,217.226430087,1,0.349292962075,0.650707037925
2017-02-11 20:30:00,Oklahoma City Thunder,Golden State Warriors,-11.3344941653,218.314650809,0,0.999180470555,0.000819529444617
2017-02-11 19:30:00,Philadelphia 76ers,Miami Heat,-7.01535929822,210.166168556,0,0.990201276865,0.00979872313459
2017-02-11 22:00:00,Utah Jazz,Boston Celtics,3.52499508105,222.308260853,1,0.100901325483,0.899098674517
2017-02-12 15:30:00,Minnesota Timberwolves,Chicago Bulls,4.32409472158,224.309247476,1,0.0185325272406,0.981467472759
2017-02-12 15:30:00,New York Knicks,San Antonio Spurs,0.572167396282,213.820967375,0,0.515260565126,0.484739434874
2017-02-12 21:00:00,Sacramento Kings,New Orleans Pelicans,3.50381628164,210.610966644,1,0.0864128065762,0.913587193424
2017-02-12 18:00:00,Toronto Raptors,Detroit Pistons,5.24153861746,213.299260837,1,0.0132007443385,0.986799255662
2017-02-13 19:30:00,Brooklyn Nets,Memphis Grizzlies,-6.32853873957,199.239129805,0,0.997498101305,0.00250189869496
2017-02-13 19:00:00,Charlotte Hornets,Philadelphia 76ers,3.3671163872600003,212.95369389,1,0.10753148769300001,0.892468512307
2017-02-13 20:30:00,Dallas Mavericks,Boston Celtics,-0.836724104641,225.263176266,0,0.683345243997,0.31665475600299997
2017-02-13 21:00:00,Denver Nuggets,Golden State Warriors,-7.3797978960399995,233.34290365900003,0,0.9825620583750001,0.017437941625
2017-02-13 19:00:00,Indiana Pacers,San Antonio Spurs,3.43506631898,208.32577486,1,0.0737980793301,0.9262019206700001
2017-02-13 19:30:00,Miami Heat,Orlando Magic,8.405606574110001,204.248335181,1,0.00329230399462,0.996707696005
2017-02-13 20:00:00,Milwaukee Bucks,Detroit Pistons,3.34739154606,219.693219188,1,0.060658155607900006,0.939341844392
2017-02-13 21:00:00,Phoenix Suns,New Orleans Pelicans,-2.15227567515,212.92636178900003,0,0.933722892585,0.0662771074153
2017-02-13 22:30:00,Portland Trail Blazers,Atlanta Hawks,2.75711192369,214.390675802,1,0.23785232044500002,0.7621476795550001
2017-02-13 21:00:00,Utah Jazz,Los Angeles Clippers,-0.44949082934100004,220.77552614799998,1,0.396935130453,0.603064869547
2017-02-13 20:00:00,Washington Wizards,Oklahoma City Thunder,6.6963942591,216.45916435799998,1,0.0066660824730000005,0.9933339175270001
2017-02-14 20:00:00,Chicago Bulls,Toronto Raptors,-7.86757192142,208.55334234,0,0.997449036813,0.00255096318713
2017-02-14 22:30:00,Los Angeles Lakers,Sacramento Kings,-3.52940980553,211.4374343,0,0.909891142783,0.0901088572166
2017-02-14 20:00:00,Minnesota Timberwolves,Cleveland Cavaliers,-2.90457369818,233.480598726,0,0.769565197325,0.230434802675
2017-02-15 19:30:00,Boston Celtics,Philadelphia 76ers,11.2249980625,218.061877338,1,0.00113759354881,0.998862406451
2017-02-15 19:30:00,Brooklyn Nets,Milwaukee Bucks,-10.1198769994,214.037784482,0,0.998099354907,0.0019006450933
2017-02-15 19:00:00,Cleveland Cavaliers,Indiana Pacers,6.90798312607,227.819606421,1,0.0366084535745,0.963391546426
2017-02-15 21:00:00,Denver Nuggets,Minnesota Timberwolves,4.01111261419,225.807720931,1,0.241594003624,0.758405996376
2017-02-15 19:30:00,Detroit Pistons,Dallas Mavericks,-4.42882144582,203.132805206,0,0.946060801138,0.0539391988619
2017-02-15 22:30:00,Golden State Warriors,Sacramento Kings,9.55301091108,233.525784847,1,0.00794985947864,0.992050140521
2017-02-15 20:00:00,Houston Rockets,Miami Heat,6.22652580235,224.840750883,1,0.0184823617128,0.981517638287
2017-02-15 22:30:00,Los Angeles Clippers,Atlanta Hawks,3.61233054122,214.547652031,1,0.113125686765,0.886874313235
2017-02-15 20:00:00,Memphis Grizzlies,New Orleans Pelicans,4.21076648102,209.707389584,1,0.0700623927224,0.929937607278
2017-02-15 21:30:00,Oklahoma City Thunder,New York Knicks,-3.62918667693,211.18479724,0,0.915296692571,0.0847033074287
2017-02-15 19:00:00,Orlando Magic,San Antonio Spurs,-4.02372413237,213.385576167,0,0.986932099867,0.013067900133
2017-02-15 21:00:00,Phoenix Suns,Los Angeles Lakers,-0.292280371196,203.352016674,1,0.254632293618,0.745367706382
2017-02-15 19:30:00,Toronto Raptors,Charlotte Hornets,4.74812009416,216.021822625,1,0.0209104605829,0.979089539417
2017-02-15 21:00:00,Utah Jazz,Portland Trail Blazers,-1.87048023733,218.868562989,0,0.82661375237,0.17338624763
2017-02-16 20:00:00,Chicago Bulls,Boston Celtics,-8.95439563824,214.661258038,0,0.985489037187,0.0145109628126
2017-02-16 19:00:00,Indiana Pacers,Washington Wizards,-1.38485415649,224.267369824,1,0.483816895486,0.516183104514
2017-02-24 20:00:00,Atlanta Hawks,Miami Heat,-6.07252386164,223.422337529,0,0.980178362271,0.0198216377286
2017-02-24 20:00:00,Chicago Bulls,Phoenix Suns,0.15399511722,234.901468746,1,0.35626602852,0.64373397148
2017-02-24 21:00:00,Denver Nuggets,Brooklyn Nets,6.12701258771,212.657217493,1,0.008866608205,0.991133391795
2017-02-24 19:00:00,Indiana Pacers,Memphis Grizzlies,1.15240087014,223.847103663,1,0.19571566403,0.80428433597
2017-02-24 22:30:00,Los Angeles Clippers,San Antonio Spurs,-0.0260490228296,214.986469074,0,0.803644689075,0.196355310925
2017-02-24 20:00:00,Milwaukee Bucks,Utah Jazz,6.28024211968,236.754107556,1,0.00442716957567,0.995572830424
2017-02-24 20:00:00,Minnesota Timberwolves,Dallas Mavericks,2.66953387017,232.942488743,1,0.027707675181,0.972292324819
2017-02-24 20:00:00,Oklahoma City Thunder,Los Angeles Lakers,1.9263368218,212.625750969,1,0.204089123265,0.795910876735
2017-02-24 19:00:00,Philadelphia 76ers,Washington Wizards,-8.81986967836,224.648810199,0,0.999501411718,0.000498588282253
2017-02-24 20:00:00,Toronto Raptors,Boston Celtics,-4.17749965393,226.793180945,0,0.937721658437,0.0622783415633
2017-02-25 20:30:00,Cleveland Cavaliers,Chicago Bulls,8.51631798742,238.693107072,1,0.00113680189066,0.998863198109
2017-02-25 20:30:00,Dallas Mavericks,New Orleans Pelicans,2.11544117074,217.897450714,1,0.119999546837,0.880000453163
2017-02-25 22:30:00,Golden State Warriors,Brooklyn Nets,10.6796591232,227.819820355,1,0.000308619812719,0.999691380187
2017-02-25 21:00:00,Houston Rockets,Minnesota Timberwolves,4.76425192249,230.413721545,1,0.0295756649038,0.970424335096
2017-02-25 20:00:00,Miami Heat,Indiana Pacers,0.635188102026,212.614603909,0,0.636575904805,0.363424095195
2017-02-25 19:30:00,New York Knicks,Philadelphia 76ers,1.2075869439,197.285678066,1,0.402086625251,0.597913374749
2017-02-25 19:00:00,Orlando Magic,Atlanta Hawks,-1.68091105067,206.017630794,0,0.903874937458,0.0961250625421
2017-02-25 17:00:00,Sacramento Kings,Charlotte Hornets,0.229984907085,227.741880604,0,0.58409579469,0.41590420531
2017-02-26 17:00:00,Denver Nuggets,Memphis Grizzlies,3.71445972799,217.830249794,1,0.0222528896145,0.977747110386
2017-02-26 18:00:00,Detroit Pistons,Boston Celtics,-4.62951181694,214.307983155,0,0.972498183123,0.0275018168775
2017-02-26 21:30:00,Los Angeles Clippers,Charlotte Hornets,2.41648288088,219.101924259,1,0.30696768673,0.69303231327
2017-02-26 15:30:00,Los Angeles Lakers,San Antonio Spurs,-8.71775276617,204.015081882,0,0.999589773396,0.000410226604314
2017-02-26 15:30:00,Milwaukee Bucks,Phoenix Suns,4.05881354518,225.419385526,1,0.0121652048366,0.987834795163
2017-02-26 19:00:00,Oklahoma City Thunder,New Orleans Pelicans,4.47201596209,209.287659858,1,0.0087634549916,0.991236545008
2017-02-26 18:00:00,Toronto Raptors,Portland Trail Blazers,3.05001873538,226.774304648,1,0.0510991180405,0.94890088196
2017-02-26 17:00:00,Washington Wizards,Utah Jazz,3.98428291226,224.412900146,1,0.0250838235963,0.974916176404
2017-02-27 19:30:00,Boston Celtics,Atlanta Hawks,10.4507956931,206.369414481,1,5.90205634776e-05,0.999940979437
2017-02-27 19:00:00,Cleveland Cavaliers,Milwaukee Bucks,8.89152441898,230.820650539,1,0.00692990927713,0.993070090723
2017-02-27 20:30:00,Dallas Mavericks,Miami Heat,-6.26962584296,214.795518274,0,0.996813357368,0.00318664263249
2017-02-27 21:30:00,Houston Rockets,Indiana Pacers,6.45262453911,219.198371707,1,0.00262337767514,0.997376622325
2017-02-27 19:00:00,New York Knicks,Toronto Raptors,-5.75331427019,210.761812012,0,0.995595367202,0.00440463279768
2017-02-27 19:00:00,Philadelphia 76ers,Golden State Warriors,-10.5493197577,215.488517032,0,0.999896206629,0.000103793370754
2017-02-27 22:30:00,Sacramento Kings,Minnesota Timberwolves,-5.44795308771,227.928621593,0,0.998874691256,0.00112530874414
2017-02-28 20:00:00,Chicago Bulls,Denver Nuggets,2.58236046851,204.498064984,1,0.0367572378176,0.963242762182
2017-02-28 19:30:00,Detroit Pistons,Portland Trail Blazers,-3.6320721649,233.774905047,0,0.913905646596,0.0860943534038
2017-02-28 22:30:00,Los Angeles Lakers,Charlotte Hornets,-6.63942022485,212.561123902,0,0.999197382592,0.000802617407807
2017-02-28 20:00:00,Memphis Grizzlies,Phoenix Suns,-4.23530949381,210.991671488,0,0.854720250289,0.145279749711
2017-02-28 20:00:00,Oklahoma City Thunder,Utah Jazz,-3.07279570588,221.132160402,0,0.922574847672,0.0774251523282
2017-02-28 19:00:00,Washington Wizards,Golden State Warriors,-3.07196656491,232.963337166,0,0.985636208609,0.0143637913907
2017-03-01 19:30:00,Atlanta Hawks,Dallas Mavericks,-1.46868019849,215.957904942,0,0.742211364595,0.257788635405
2017-03-01 20:00:00,Boston Celtics,Cleveland Cavaliers,-7.38815521423,226.909251852,0,0.994264235369,0.00573576463109
2017-03-01 22:30:00,Los Angeles Clippers,Houston Rockets,-2.43555604149,219.706858118,0,0.933693239447,0.066306760553
2017-03-01 19:30:00,Miami Heat,Philadelphia 76ers,3.6569377923,209.84305879,1,0.0139522308131,0.986047769187
2017-03-01 20:00:00,Milwaukee Bucks,Denver Nuggets,-3.11862783573,222.242897165,0,0.946942169892,0.0530578301078
2017-03-01 20:00:00,New Orleans Pelicans,Detroit Pistons,-2.84936396025,201.366982659,0,0.985292500714,0.0147074992864
2017-03-01 19:00:00,Orlando Magic,New York Knicks,-3.45452576522,207.954656332,0,0.971263039732,0.0287369602676
2017-03-01 22:30:00,Sacramento Kings,Brooklyn Nets,0.133035457322,216.814538313,1,0.23186385272,0.76813614728
2017-03-01 20:30:00,San Antonio Spurs,Indiana Pacers,1.92084390381,211.939302613,1,0.0562271838053,0.943772816195
2017-03-01 19:30:00,Toronto Raptors,Washington Wizards,7.13026268565,206.671659304,1,0.00285081886653,0.997149181133
2017-03-01 21:00:00,Utah Jazz,Minnesota Timberwolves,1.49224114648,215.350385212,1,0.281141078153,0.718858921847
2017-03-02 20:00:00,Chicago Bulls,Golden State Warriors,-0.572085873742,232.749849824,1,0.489480188941,0.510519811059
2017-03-02 21:00:00,Phoenix Suns,Charlotte Hornets,-1.85315684081,222.805155952,0,0.933293514431,0.0667064855689
2017-03-02 22:30:00,Portland Trail Blazers,Oklahoma City Thunder,1.08628199401,216.021426289,1,0.279812072785,0.720187927215
2017-03-03 19:00:00,Atlanta Hawks,Cleveland Cavaliers,-7.56202454563,224.110671241,0,0.997254824241,0.00274517575877
2017-03-03 20:30:00,Dallas Mavericks,Memphis Grizzlies,-3.33466460874,220.707144519,0,0.98454066663,0.01545933337
2017-03-03 22:30:00,Los Angeles Lakers,Boston Celtics,-7.08699279988,214.65229119,0,0.997194002765,0.00280599723526
2017-03-03 20:00:00,Milwaukee Bucks,Los Angeles Clippers,1.31972603284,224.402947224,1,0.176303126639,0.823696873361
2017-03-03 21:30:00,New Orleans Pelicans,San Antonio Spurs,-4.94723107568,211.729793539,0,0.997124277746,0.00287572225442
2017-03-03 19:00:00,Orlando Magic,Miami Heat,-8.93243490147,211.059319855,0,0.999465185373,0.000534814627144
2017-03-03 19:00:00,Philadelphia 76ers,New York Knicks,-2.11572111029,210.886143506,0,0.940096112746,0.0599038872536
2017-03-03 21:00:00,Phoenix Suns,Oklahoma City Thunder,0.468351254089,218.296691416,0,0.586589942443,0.413410057557
2017-03-03 21:00:00,Utah Jazz,Brooklyn Nets,3.88066339234,218.455479949,1,0.0234502835184,0.976549716482
2017-03-03 19:00:00,Washington Wizards,Toronto Raptors,-2.37784265115,226.693348031,0,0.898899961016,0.101100038984
2017-03-04 20:30:00,Chicago Bulls,Los Angeles Clippers,-1.52654588004,210.795179292,0,0.848562351155,0.151437648845
2017-03-04 21:00:00,Denver Nuggets,Charlotte Hornets,6.6172366409,229.077551592,1,0.00185301848076,0.998146981519
2017-03-04 21:00:00,Houston Rockets,Memphis Grizzlies,0.331787341639,225.197906575,1,0.417226717713,0.582773282287
2017-03-04 20:00:00,Miami Heat,Cleveland Cavaliers,-6.78847402673,221.653415559,0,0.993444882242,0.00655511775806
2017-03-04 20:00:00,Milwaukee Bucks,Toronto Raptors,2.43860455528,226.692115357,1,0.069239997971,0.930760002029
2017-03-04 18:00:00,Philadelphia 76ers,Detroit Pistons,1.45111659758,199.313426153,1,0.351621712349,0.648378287651
2017-03-04 22:00:00,Portland Trail Blazers,Brooklyn Nets,8.11601480821,210.495682017,1,0.000736570151334,0.999263429849
2017-03-04 21:00:00,San Antonio Spurs,Minnesota Timberwolves,-2.81404815055,223.384752974,0,0.983239927437,0.0167600725631
2017-03-05 13:00:00,Atlanta Hawks,Indiana Pacers,1.01310033632,214.213458608,1,0.0882828021372,0.911717197863
2017-03-05 20:30:00,Dallas Mavericks,Oklahoma City Thunder,0.0553616687842,230.91548544,0,0.64047830087,0.35952169913
2017-03-05 21:30:00,Los Angeles Lakers,New Orleans Pelicans,-1.6971198182,212.743404848,0,0.834786907778,0.165213092222
2017-03-05 15:30:00,New York Knicks,Golden State Warriors,-2.2618700155,223.566208708,0,0.894614210189,0.105385789811
2017-03-05 17:00:00,Phoenix Suns,Boston Celtics,0.118943915872,215.942320396,1,0.234178436154,0.765821563846
2017-03-05 18:00:00,Sacramento Kings,Utah Jazz,-6.02158083649,210.880173337,0,0.998402143056,0.001597856944
2017-03-05 17:00:00,Washington Wizards,Orlando Magic,4.31862082149,207.332842647,1,0.0167825191683,0.983217480832
2017-03-07 20:30:00,Dallas Mavericks,Los Angeles Lakers,8.01104995748,210.782531379,1,0.00132625776899,0.998673742231
2017-03-07 20:00:00,Oklahoma City Thunder,Portland Trail Blazers,-5.59186843687,218.459222893,0,0.983830090788,0.0161699092118
2017-03-07 21:00:00,Phoenix Suns,Washington Wizards,1.63747418489,221.49304459,1,0.282982410507,0.717017589493
2017-03-08 19:30:00,Atlanta Hawks,Brooklyn Nets,-1.72306053128,220.465282069,1,0.499613052787,0.500386947213
2017-03-08 21:00:00,Denver Nuggets,Washington Wizards,2.19169306186,226.434635583,1,0.14393649518,0.85606350482
2017-03-08 22:30:00,Golden State Warriors,Boston Celtics,4.14007942626,234.996544371,1,0.033808197965,0.966191802035
2017-03-08 20:00:00,Houston Rockets,Utah Jazz,7.13427236631,223.103917379,1,0.00091358051843,0.999086419482
2017-03-08 20:00:00,Indiana Pacers,Detroit Pistons,-2.6825885078,210.556322926,0,0.882948419619,0.117051580381
2017-03-08 19:30:00,Miami Heat,Charlotte Hornets,3.49128597768,218.022451971,1,0.0843863392134,0.915613660787
2017-03-08 20:00:00,Milwaukee Bucks,New York Knicks,7.84222213992,232.602340071,1,0.00636838271441,0.993631617286
2017-03-08 20:00:00,Minnesota Timberwolves,Los Angeles Clippers,-1.01534497887,222.571932947,0,0.680294853299,0.319705146701
2017-03-08 20:00:00,New Orleans Pelicans,Toronto Raptors,-8.68022309798,219.035784992,0,0.999857137625,0.000142862374877
2017-03-08 19:00:00,Orlando Magic,Chicago Bulls,1.47846571021,204.015774068,1,0.135947408467,0.864052591533
2017-03-08 20:30:00,San Antonio Spurs,Sacramento Kings,2.73639840673,234.030363775,1,0.0940072010085,0.905992798992
2017-03-09 19:30:00,Detroit Pistons,Cleveland Cavaliers,-1.13413514542,229.954293526,0,0.650605573026,0.349394426974
2017-03-09 20:00:00,Memphis Grizzlies,Los Angeles Clippers,0.0325512660993,209.523054871,0,0.520545276461,0.479454723539
2017-03-09 20:00:00,Oklahoma City Thunder,San Antonio Spurs,-3.67579464339,204.709177151,0,0.933617745201,0.0663822547989
2017-03-09 22:30:00,Phoenix Suns,Los Angeles Lakers,7.584119213,216.678128201,1,0.000928819009758,0.99907118099
2017-03-09 22:00:00,Portland Trail Blazers,Philadelphia 76ers,12.4906651212,235.15729088,1,7.08720060604e-05,0.999929127994
2017-03-10 20:00:00,Atlanta Hawks,Toronto Raptors,-5.03785298353,212.989991015,0,0.978303151398,0.0216968486016
2017-03-10 20:00:00,Chicago Bulls,Houston Rockets,-9.8474303259,217.968079342,0,0.999862749536,0.00013725046366
2017-03-10 19:00:00,Charlotte Hornets,Orlando Magic,4.97274702853,220.203258987,1,0.0182364400666,0.981763559933
2017-03-10 21:00:00,Dallas Mavericks,Brooklyn Nets,2.90420809484,223.352242347,1,0.10741145634,0.89258854366
2017-03-10 21:00:00,Denver Nuggets,Boston Celtics,5.16034951687,218.804211351,1,0.0164347649909,0.983565235009
2017-03-10 20:00:00,Milwaukee Bucks,Indiana Pacers,4.59956951179,220.496407925,1,0.0374912804026,0.962508719597
2017-03-10 20:00:00,Minnesota Timberwolves,Golden State Warriors,0.288205334987,227.236303131,1,0.28692585038,0.71307414962
2017-03-10 22:30:00,Sacramento Kings,Washington Wizards,-6.8929240704,223.657282452,0,0.99900269326,0.000997306739854
2017-03-11 19:00:00,Charlotte Hornets,New Orleans Pelicans,14.3088745535,203.380192667,1,4.49565026961e-06,0.99999550435
2017-03-11 21:00:00,Dallas Mavericks,Phoenix Suns,4.16491734936,210.904921125,1,0.0482098598965,0.951790140104
2017-03-11 17:00:00,Detroit Pistons,New York Knicks,3.26663435075,206.587039033,1,0.0882666096033,0.911733390397
2017-03-11 15:30:00,Los Angeles Clippers,Philadelphia 76ers,7.17641482189,225.458122038,1,0.000650903077423,0.999349096923
2017-03-11 21:00:00,Memphis Grizzlies,Atlanta Hawks,2.93178673115,203.059080614,1,0.0311499578969,0.968850042103
2017-03-11 20:00:00,Miami Heat,Toronto Raptors,7.30338097489,235.10087537,1,0.00232911331511,0.997670886685
2017-03-11 20:00:00,Milwaukee Bucks,Minnesota Timberwolves,4.61417008263,226.779005936,1,0.0153451113505,0.98465488865
2017-03-11 15:00:00,Oklahoma City Thunder,Utah Jazz,-1.52090554779,220.423638831,0,0.696559944866,0.303440055134
2017-03-11 19:00:00,Orlando Magic,Cleveland Cavaliers,-6.4870097462,213.995356379,0,0.994261178109,0.0057388218912
2017-03-11 22:00:00,Portland Trail Blazers,Washington Wizards,1.20913395486,228.397306149,1,0.252472012764,0.747527987236
2017-03-11 22:30:00,Sacramento Kings,Denver Nuggets,-4.79557882762,213.401730504,0,0.995424630281,0.00457536971934
2017-03-11 20:30:00,San Antonio Spurs,Golden State Warriors,2.10514704594,226.116289792,1,0.198399966168,0.801600033832
2017-03-12 15:30:00,Boston Celtics,Chicago Bulls,4.25392544901,210.777720374,1,0.0479281164213,0.952071883579
2017-03-12 18:00:00,Brooklyn Nets,New York Knicks,3.48921489642,220.864667216,1,0.0900282804583,0.909971719542
2017-03-12 21:00:00,Houston Rockets,Cleveland Cavaliers,0.905704649323,223.722053546,1,0.340513768314,0.659486231686
2017-03-12 18:00:00,Indiana Pacers,Miami Heat,-4.52868554334,209.658688873,0,0.984978282758,0.0150217172419
2017-03-12 21:30:00,Los Angeles Lakers,Philadelphia 76ers,2.72480759836,221.09193244,1,0.124820125801,0.875179874199
2017-03-12 21:00:00,Phoenix Suns,Portland Trail Blazers,-3.26766376034,221.662942174,0,0.964085017552,0.0359149824483
2017-03-13 19:00:00,Charlotte Hornets,Chicago Bulls,16.4998511338,215.27132654,1,1.11980518736e-06,0.999998880195
2017-03-13 22:30:00,Denver Nuggets,Los Angeles Lakers,7.63056365219,218.038092728,1,0.00178002883858,0.998219971161
2017-03-13 20:00:00,Memphis Grizzlies,Milwaukee Bucks,-4.15044300254,225.460804833,0,0.973122136211,0.0268778637888
2017-03-13 20:00:00,Minnesota Timberwolves,Washington Wizards,-6.58324105573,223.543228511,0,0.996860232952,0.00313976704821
2017-03-13 22:30:00,Sacramento Kings,Orlando Magic,2.92935975567,211.13655113,1,0.123510709669,0.876489290331
2017-03-13 20:00:00,San Antonio Spurs,Atlanta Hawks,4.12366583005,229.174693064,1,0.0469855740689,0.953014425931
2017-03-13 19:30:00,Toronto Raptors,Dallas Mavericks,-3.70142623762,213.310112397,0,0.896682182241,0.103317817759
2017-03-13 21:00:00,Utah Jazz,Los Angeles Clippers,0.196014558868,218.669587432,0,0.671114643446,0.328885356554
2017-03-14 19:30:00,Brooklyn Nets,Oklahoma City Thunder,-0.863653020686,224.670058846,0,0.795227378848,0.204772621152
2017-03-14 19:00:00,Cleveland Cavaliers,Detroit Pistons,3.22262014281,221.713839587,1,0.088266386867,0.911733613133
2017-03-14 22:30:00,Golden State Warriors,Philadelphia 76ers,-0.917297249369,239.06031842,0,0.861514992571,0.138485007429
2017-03-14 20:00:00,New Orleans Pelicans,Portland Trail Blazers,-11.4666762797,218.60394023,0,0.999715997386,0.000284002614478
2017-03-14 19:30:00,New York Knicks,Indiana Pacers,-4.52355017425,219.557536945,0,0.982850904643,0.0171490953574
2017-03-15 19:30:00,Boston Celtics,Minnesota Timberwolves,-3.16724402177,225.832389504,0,0.993922283988,0.00607771601169
2017-03-15 20:00:00,Chicago Bulls,Memphis Grizzlies,-7.71556195729,205.993847882,0,0.998270237177,0.00172976282261
2017-03-15 19:30:00,Detroit Pistons,Utah Jazz,-5.71368288248,216.055352218,0,0.994530091115,0.00546990888514
2017-03-15 20:00:00,Houston Rockets,Los Angeles Lakers,9.7188637322,215.250202372,1,0.000160566642107,0.999839433358
2017-03-15 19:00:00,Indiana Pacers,Charlotte Hornets,-13.1240553238,203.202118721,0,0.999992018676,7.98132427436e-06
2017-03-15 22:30:00,Los Angeles Clippers,Milwaukee Bucks,3.73246829769,236.023254638,1,0.0132775840635,0.986722415937
2017-03-15 19:30:00,Miami Heat,New Orleans Pelicans,5.75456894538,214.672610462,1,0.00335066294691,0.996649337053
2017-03-15 22:00:00,Phoenix Suns,Sacramento Kings,-1.65494391257,200.933361812,0,0.867815270732,0.132184729268
2017-03-15 20:00:00,San Antonio Spurs,Portland Trail Blazers,-0.334380606851,221.45996942,0,0.68984476295,0.31015523705
2017-03-15 19:00:00,Washington Wizards,Dallas Mavericks,6.74818056911,218.627935614,1,0.00225050337265,0.997749496627
2017-03-16 19:30:00,Atlanta Hawks,Memphis Grizzlies,-2.3991508799,227.038575966,0,0.736691622626,0.263308377374
2017-03-16 19:00:00,Cleveland Cavaliers,Utah Jazz,5.21452583692,228.466114036,1,0.0367959146678,0.963204085332
2017-03-16 21:00:00,Denver Nuggets,Los Angeles Clippers,4.97737848977,232.827150942,1,0.0453379509393,0.954662049061
2017-03-16 22:30:00,Golden State Warriors,Orlando Magic,-2.31094481305,214.644503367,0,0.947992050459,0.0520079495409
2017-03-16 19:30:00,New York Knicks,Brooklyn Nets,-6.11008928369,223.119659806,0,0.985419077222,0.0145809227779
2017-03-16 19:00:00,Toronto Raptors,Oklahoma City Thunder,-2.59699773857,212.304098129,0,0.877395599448,0.122604400552
2017-03-17 19:30:00,Brooklyn Nets,Boston Celtics,1.64507508655,224.856669305,1,0.244375890733,0.755624109267
2017-03-17 19:30:00,Detroit Pistons,Toronto Raptors,-0.657577626933,215.462647522,0,0.728938925696,0.271061074304
2017-03-17 22:30:00,Los Angeles Lakers,Milwaukee Bucks,-4.68808347301,204.967246151,0,0.987937000209,0.0120629997907
2017-03-17 20:00:00,Miami Heat,Minnesota Timberwolves,1.76024083487,225.518479324,1,0.202934221706,0.797065778294
2017-03-17 20:00:00,New Orleans Pelicans,Houston Rockets,-5.96581615205,214.544271835,0,0.99196739946,0.00803260053963
2017-03-17 19:00:00,Philadelphia 76ers,Dallas Mavericks,-1.86703213339,238.803160892,0,0.925940753351,0.0740592466491
2017-03-17 22:00:00,Phoenix Suns,Orlando Magic,0.583103748968,197.658239766,1,0.488852639295,0.511147360705
2017-03-17 19:00:00,Washington Wizards,Chicago Bulls,5.21541458917,233.381396645,1,0.00786825970554,0.992131740294
2017-03-18 18:00:00,Atlanta Hawks,Portland Trail Blazers,-1.86293631428,211.946351613,0,0.6083943779,0.3916056221
2017-03-18 21:00:00,Chicago Bulls,Utah Jazz,-2.8434796656,217.316036042,0,0.971133359972,0.0288666400281
2017-03-18 19:00:00,Charlotte Hornets,Washington Wizards,-0.495405073838,225.514129846,1,0.42296025748,0.57703974252
2017-03-18 21:30:00,Denver Nuggets,Houston Rockets,2.64371231016,236.794894673,1,0.172889166304,0.827110833696
2017-03-18 22:30:00,Golden State Warriors,Milwaukee Bucks,-1.30220835826,205.78751432,0,0.86657955939,0.13342044061
2017-03-18 20:30:00,Los Angeles Clippers,Cleveland Cavaliers,-1.45714282082,235.899775322,0,0.604157152258,0.395842847742
2017-03-18 21:00:00,Memphis Grizzlies,San Antonio Spurs,0.385621086853,220.384171313,1,0.301479160233,0.698520839767
2017-03-18 15:00:00,Oklahoma City Thunder,Sacramento Kings,4.3738284739,226.697701646,1,0.0270181820347,0.972981817965
2017-03-19 12:00:00,Brooklyn Nets,Dallas Mavericks,2.54357908016,229.376581134,1,0.179569255291,0.820430744709
2017-03-19 16:30:00,Detroit Pistons,Phoenix Suns,0.0582510089418,197.198772707,0,0.575554306027,0.424445693973
2017-03-19 21:30:00,Los Angeles Lakers,Cleveland Cavaliers,-3.71018811086,233.517725016,0,0.974771857605,0.025228142395
2017-03-19 18:00:00,Miami Heat,Portland Trail Blazers,2.87985008326,230.863057236,1,0.0859407318213,0.914059268179
2017-03-19 18:00:00,New Orleans Pelicans,Minnesota Timberwolves,-0.924006397676,236.180440699,0,0.758723858962,0.241276141038
2017-03-19 13:00:00,Philadelphia 76ers,Boston Celtics,-0.660140629315,215.112218538,0,0.659394912274,0.340605087726
2017-03-19 19:00:00,San Antonio Spurs,Sacramento Kings,2.38964670176,227.818547679,1,0.050659395585,0.949340604415
2017-03-19 18:00:00,Toronto Raptors,Indiana Pacers,0.847555802988,212.094058869,1,0.132557739732,0.867442260268
2017-03-20 19:30:00,Boston Celtics,Washington Wizards,-0.46690300825,241.298265331,0,0.561833695534,0.438166304466
2017-03-20 19:00:00,Charlotte Hornets,Atlanta Hawks,3.6874759065,225.110388371,1,0.0147942148066,0.985205785193
2017-03-20 20:00:00,Houston Rockets,Denver Nuggets,-0.145872937025,222.850069967,1,0.424450783701,0.575549216299
2017-03-20 19:00:00,Indiana Pacers,Utah Jazz,-0.534271846004,226.465948163,0,0.701225689904,0.298774310096
2017-03-20 22:30:00,Los Angeles Clippers,New York Knicks,4.86817246296,238.103365623,1,0.00763938801951,0.99236061198
2017-03-20 20:00:00,Oklahoma City Thunder,Golden State Warriors,2.49849373752,228.115385263,1,0.221182219986,0.778817780014
2017-03-20 19:00:00,Orlando Magic,Philadelphia 76ers,-2.15880869183,216.230153997,0,0.902736838637,0.0972631613631
2017-03-21 19:30:00,Brooklyn Nets,Detroit Pistons,3.34920369188,226.936693695,1,0.0910144493,0.9089855507
2017-03-21 20:30:00,Dallas Mavericks,Golden State Warriors,-2.25993931184,227.830873454,0,0.892370347839,0.107629652161
2017-03-21 22:30:00,Los Angeles Lakers,Los Angeles Clippers,-4.3618776622,229.296188363,0,0.990032106166,0.00996789383429
2017-03-21 19:30:00,Miami Heat,Phoenix Suns,6.1944178547,222.234024395,1,0.00405959730305,0.995940402697
2017-03-21 21:30:00,Minnesota Timberwolves,San Antonio Spurs,-1.21097713716,216.142796288,0,0.684512161492,0.315487838508
2017-03-21 20:00:00,New Orleans Pelicans,Memphis Grizzlies,-0.588919982405,211.531464207,0,0.652229054506,0.347770945494
2017-03-21 22:00:00,Portland Trail Blazers,Milwaukee Bucks,3.14597823027,210.314877616,1,0.0382866154616,0.961713384538
2017-03-21 19:00:00,Toronto Raptors,Chicago Bulls,3.30963885695,222.35920413,1,0.0581605886303,0.94183941137
2017-03-22 19:30:00,Boston Celtics,Indiana Pacers,0.550133464282,197.890813014,1,0.429436482093,0.570563517907
2017-03-22 20:00:00,Chicago Bulls,Detroit Pistons,-1.62658809063,214.148901031,1,0.489028452322,0.510971547678
2017-03-22 21:00:00,Denver Nuggets,Cleveland Cavaliers,3.61470934307,233.293016374,1,0.0868411375893,0.913158862411
2017-03-22 20:00:00,Oklahoma City Thunder,Philadelphia 76ers,2.87243399575,219.836453651,1,0.0805494622014,0.919450537799
2017-03-22 19:00:00,Orlando Magic,Charlotte Hornets,-4.37118930595,200.250091977,0,0.988383908085,0.0116160919153
2017-03-22 22:30:00,Sacramento Kings,Milwaukee Bucks,-1.39447260006,208.467746849,1,0.424585896303,0.575414103697
2017-03-22 22:30:00,Utah Jazz,New York Knicks,0.699721735045,196.655607028,1,0.286500232996,0.713499767004
2017-03-22 20:00:00,Washington Wizards,Atlanta Hawks,3.31859900705,219.455225832,1,0.0264509817045,0.973549018295
2017-03-23 19:30:00,Brooklyn Nets,Phoenix Suns,4.08581002659,213.794110292,1,0.0261494334342,0.973850566566
2017-03-23 20:30:00,Dallas Mavericks,Los Angeles Clippers,-5.78259370812,209.191110219,0,0.996559307486,0.00344069251368
2017-03-23 19:30:00,Miami Heat,Toronto Raptors,2.66019855102,232.48634957,1,0.112429499022,0.887570500978
2017-03-23 22:00:00,Portland Trail Blazers,New York Knicks,3.03171849283,196.789041159,1,0.0732680099835,0.926731990017
2017-03-23 20:30:00,San Antonio Spurs,Memphis Grizzlies,3.98039144897,213.756403661,1,0.00909272146914,0.990907278531
2017-03-24 19:30:00,Boston Celtics,Phoenix Suns,4.93780852003,202.008539519,1,0.00550814552472,0.994491854475
2017-03-24 20:00:00,Chicago Bulls,Philadelphia 76ers,2.19174214449,234.219453272,1,0.0432969751838,0.956703024816
2017-03-24 19:00:00,Charlotte Hornets,Cleveland Cavaliers,-0.759142621007,232.75097074,1,0.40664020485,0.59335979515
2017-03-24 22:30:00,Golden State Warriors,Sacramento Kings,6.61316202769,235.622466301,1,0.00947206865017,0.99052793135
2017-03-24 20:00:00,Houston Rockets,New Orleans Pelicans,3.82977486737,222.762763526,1,0.0783455465454,0.921654453455
2017-03-24 19:00:00,Indiana Pacers,Denver Nuggets,-4.97206607245,210.738414541,0,0.991796707339,0.00820329266131
2017-03-24 22:30:00,Los Angeles Lakers,Minnesota Timberwolves,0.821837203771,218.413189828,1,0.462302393054,0.537697606946
2017-03-24 20:00:00,Milwaukee Bucks,Atlanta Hawks,4.33827629216,227.521515203,1,0.0108797579482,0.989120242052
2017-03-24 19:00:00,Orlando Magic,Detroit Pistons,-1.63392037802,207.165604943,0,0.932810330478,0.0671896695225
2017-03-24 19:00:00,Washington Wizards,Brooklyn Nets,-1.60711177863,211.554871086,0,0.765232028727,0.234767971273
2017-03-25 19:30:00,Cleveland Cavaliers,Washington Wizards,4.18106176079,222.163093023,1,0.0373359547834,0.962664045217
2017-03-25 20:30:00,Dallas Mavericks,Toronto Raptors,-0.925596919875,212.100189241,0,0.769316515726,0.230683484274
2017-03-25 15:30:00,Los Angeles Clippers,Utah Jazz,5.52053845134,220.920836189,1,0.0303184430388,0.969681556961
2017-03-25 22:00:00,Portland Trail Blazers,Minnesota Timberwolves,2.57270830261,221.62023698,1,0.0461303626524,0.953869637348
2017-03-25 20:30:00,San Antonio Spurs,New York Knicks,4.98874210132,215.795734061,1,0.0174465049557,0.982553495044
2017-03-26 13:00:00,Atlanta Hawks,Brooklyn Nets,-3.44776078481,209.184664538,0,0.973827830345,0.0261721696554
2017-03-26 18:00:00,Boston Celtics,Miami Heat,2.1151283513,206.533090745,1,0.222812665585,0.777187334415
2017-03-26 13:00:00,Charlotte Hornets,Phoenix Suns,6.57070418457,216.652091985,1,0.00207590973004,0.99792409027
2017-03-26 20:00:00,Denver Nuggets,New Orleans Pelicans,6.30450927378,237.352159678,1,0.00676097155751,0.993239028442
2017-03-26 20:00:00,Golden State Warriors,Memphis Grizzlies,5.90296201617,233.719929022,1,0.0266625398191,0.973337460181
2017-03-26 15:30:00,Houston Rockets,Oklahoma City Thunder,3.91898188451,232.455411192,1,0.0669811237199,0.93301887628
2017-03-26 18:00:00,Indiana Pacers,Philadelphia 76ers,1.36355937885,217.491022705,1,0.053638282121,0.946361717879
2017-03-26 15:30:00,Los Angeles Clippers,Sacramento Kings,4.68591747727,225.768920242,1,0.0241458221542,0.975854177846
2017-03-26 21:30:00,Los Angeles Lakers,Portland Trail Blazers,-0.197608317945,219.647624374,0,0.602411479814,0.397588520186
2017-03-26 15:30:00,Milwaukee Bucks,Chicago Bulls,2.16350378134,241.001351361,1,0.0857756561048,0.914224343895
2017-03-26 13:00:00,Atlanta Hawks,Brooklyn Nets,-3.23562066388,213.336544267,0,0.956942844239,0.0430571557606
2017-03-26 18:00:00,Boston Celtics,Miami Heat,2.97506872064,205.783573776,1,0.120965708752,0.879034291248
2017-03-26 13:00:00,Charlotte Hornets,Phoenix Suns,7.4134917315,220.01800096,1,0.0009233429205,0.99907665708
2017-03-26 20:00:00,Denver Nuggets,New Orleans Pelicans,5.7399925758,221.065865398,1,0.00664182315073,0.993358176849
2017-03-26 20:00:00,Golden State Warriors,Memphis Grizzlies,6.0615653274,225.304730269,1,0.0203908505806,0.979609149419
2017-03-26 15:30:00,Houston Rockets,Oklahoma City Thunder,3.3348218203,225.452671524,1,0.076155596218,0.923844403782
2017-03-26 18:00:00,Indiana Pacers,Philadelphia 76ers,1.99022980099,219.407343621,1,0.0538122106593,0.946187789341
2017-03-26 15:30:00,Los Angeles Clippers,Sacramento Kings,5.18765204614,219.159026405,1,0.0149859678398,0.98501403216
2017-03-26 21:30:00,Los Angeles Lakers,Portland Trail Blazers,-0.730231067294,222.519627981,0,0.633688111523,0.366311888477
2017-03-26 15:30:00,Milwaukee Bucks,Chicago Bulls,2.63244276768,225.314479694,1,0.113687838545,0.886312161455
2017-03-26 13:00:00,Atlanta Hawks,Brooklyn Nets,-3.00962454007,211.874292492,0,0.916823324015,0.0831766759851
2017-03-26 18:00:00,Boston Celtics,Miami Heat,3.30703839649,217.286052025,1,0.0725256704847,0.927474329515
2017-03-26 13:00:00,Charlotte Hornets,Phoenix Suns,7.33843245975,220.233193635,1,0.000925119479408,0.999074880521
2017-03-26 20:00:00,Denver Nuggets,New Orleans Pelicans,5.93270656161,235.924213698,1,0.00696186823625,0.993038131764
2017-03-26 20:00:00,Golden State Warriors,Memphis Grizzlies,6.79886083337,229.758069082,1,0.017970535938,0.982029464062
2017-03-26 15:30:00,Houston Rockets,Oklahoma City Thunder,3.02000793416,231.968262469,1,0.0647601630757,0.935239836924
2017-03-26 18:00:00,Indiana Pacers,Philadelphia 76ers,2.45541419248,216.621224587,1,0.0235069573868,0.976493042613
2017-03-26 15:30:00,Los Angeles Clippers,Sacramento Kings,4.78864237927,228.646673385,1,0.0196331263122,0.980366873688
2017-03-26 21:30:00,Los Angeles Lakers,Portland Trail Blazers,-0.274955202052,221.154155129,0,0.567094187312,0.432905812688
2017-03-26 15:30:00,Milwaukee Bucks,Chicago Bulls,2.6609366878,218.423719242,1,0.145890588619,0.854109411381
2017-03-26 13:00:00,Atlanta Hawks,Brooklyn Nets,-3.41326845615,225.448613511,0,0.937662163396,0.0623378366039
2017-03-26 18:00:00,Boston Celtics,Miami Heat,5.16954666341,228.772835345,1,0.0128750451188,0.987124954881
2017-03-26 13:00:00,Charlotte Hornets,Phoenix Suns,9.07376849921,224.511041388,1,0.000670704817313,0.999329295183
2017-03-26 20:00:00,Denver Nuggets,New Orleans Pelicans,8.80739484438,241.726095221,1,0.00880240150874,0.991197598491
2017-03-26 20:00:00,Golden State Warriors,Memphis Grizzlies,7.21221439244,242.261449078,1,0.0251406205601,0.97485937944
2017-03-26 15:30:00,Houston Rockets,Oklahoma City Thunder,3.91461630488,240.089500219,1,0.0759158267409,0.924084173259
2017-03-26 18:00:00,Indiana Pacers,Philadelphia 76ers,2.35055181195,233.651881133,1,0.123756419304,0.876243580696
2017-03-26 15:30:00,Los Angeles Clippers,Sacramento Kings,5.73893861994,232.438251188,1,0.0181490254616,0.981850974538
2017-03-26 21:30:00,Los Angeles Lakers,Portland Trail Blazers,1.83763365107,235.742551511,1,0.105303332161,0.894696667839
2017-03-26 15:30:00,Milwaukee Bucks,Chicago Bulls,0.906874815805,225.123535001,1,0.437583552184,0.562416447816
2017-03-27 20:30:00,Dallas Mavericks,Oklahoma City Thunder,-4.4450071821,221.202656538,0,0.981424083295,0.0185759167045
2017-03-27 19:30:00,New York Knicks,Detroit Pistons,2.09501751557,228.782204365,1,0.390216626744,0.609783373256
2017-03-27 22:30:00,Sacramento Kings,Memphis Grizzlies,2.83535947552,219.644683731,1,0.158457051554,0.841542948446
2017-03-27 20:00:00,San Antonio Spurs,Cleveland Cavaliers,-3.99298755338,233.694789095,0,0.94536215584,0.0546378441597
2017-03-27 19:30:00,Toronto Raptors,Orlando Magic,2.69414446263,246.403290642,1,0.35894138408,0.64105861592
2017-03-27 22:30:00,Utah Jazz,New Orleans Pelicans,0.391397866364,233.830654972,1,0.465705103253,0.534294896747
2017-03-28 19:30:00,Atlanta Hawks,Phoenix Suns,-2.64160565334,205.53641991,0,0.914002289098,0.0859977109015
2017-03-28 19:30:00,Brooklyn Nets,Philadelphia 76ers,1.51911882037,228.341703129,1,0.0773910625511,0.922608937449
2017-03-28 19:00:00,Charlotte Hornets,Milwaukee Bucks,1.53899686115,242.865493988,1,0.310805493123,0.689194506877
2017-03-28 19:30:00,Detroit Pistons,Miami Heat,-0.838433998107,206.536351316,0,0.77773113448,0.22226886552
2017-03-28 20:00:00,Houston Rockets,Golden State Warriors,4.49676736152,248.458363156,1,0.376983265943,0.623016734057
2017-03-28 19:00:00,Indiana Pacers,Minnesota Timberwolves,1.27084510738,220.569582444,1,0.226523511155,0.773476488845
2017-03-28 22:30:00,Los Angeles Lakers,Washington Wizards,-5.29817712304,224.550072819,0,0.990403458039,0.0095965419612
2017-03-28 22:00:00,Portland Trail Blazers,Denver Nuggets,1.4600354571,240.623254142,1,0.430043075331,0.569956924669
2017-03-29 19:30:00,Boston Celtics,Milwaukee Bucks,0.789956487307,233.52330364,1,0.284656489257,0.715343510743
2017-03-29 22:30:00,Los Angeles Clippers,Washington Wizards,-1.80494789645,239.859963153,0,0.91803083071,0.0819691692897
2017-03-29 20:00:00,Memphis Grizzlies,Indiana Pacers,-2.57200683981,214.047885073,0,0.884884102086,0.115115897914
2017-03-29 20:00:00,New Orleans Pelicans,Dallas Mavericks,5.38361014411,229.526609135,1,0.0228902197267,0.977109780273
2017-03-29 19:30:00,New York Knicks,Miami Heat,0.863242335908,222.472504303,1,0.359449466857,0.640550533143
2017-03-29 19:00:00,Orlando Magic,Oklahoma City Thunder,-0.771128990473,235.472200456,0,0.675402221816,0.324597778184
2017-03-29 19:00:00,Philadelphia 76ers,Atlanta Hawks,5.9559415155,198.182905487,1,0.00694003106116,0.993059968939
2017-03-29 22:30:00,Sacramento Kings,Utah Jazz,-1.49515233763,225.807976534,0,0.755781687461,0.244218312539
2017-03-29 21:30:00,San Antonio Spurs,Golden State Warriors,-0.944162320764,231.167322917,0,0.593754672612,0.406245327388
2017-03-29 19:30:00,Toronto Raptors,Charlotte Hornets,-1.85423896371,235.807941291,0,0.621453303653,0.378546696347
2017-03-30 20:00:00,Chicago Bulls,Cleveland Cavaliers,1.6782728468,233.86384125,1,0.15060032756,0.84939967244
2017-03-30 19:30:00,Detroit Pistons,Brooklyn Nets,-1.98364567261,217.535833137,0,0.880891787985,0.119108212015
2017-03-30 20:00:00,Minnesota Timberwolves,Los Angeles Lakers,3.6669196198,237.922374449,1,0.0168230277653,0.983176972235
2017-03-30 22:00:00,Phoenix Suns,Los Angeles Clippers,-5.78461110992,211.020768701,0,0.998119979735,0.00188002026472
2017-03-30 22:30:00,Portland Trail Blazers,Houston Rockets,1.23600465578,249.955679997,1,0.356664726868,0.643335273132
2017-03-31 19:30:00,Boston Celtics,Orlando Magic,3.60580375217,225.469093654,1,0.0748994883591,0.925100511641
2017-03-31 19:00:00,Charlotte Hornets,Denver Nuggets,5.05628073692,235.702616026,1,0.0777146211753,0.922285378825
2017-03-31 19:30:00,Cleveland Cavaliers,Philadelphia 76ers,1.03666473955,216.511256033,1,0.0726160508965,0.927383949103
2017-03-31 22:30:00,Golden State Warriors,Houston Rockets,2.85344283187,238.312060406,1,0.400775737458,0.599224262542
2017-03-31 20:00:00,Memphis Grizzlies,Dallas Mavericks,-0.581203169714,250.259562047,0,0.611523838841,0.388476161159
2017-03-31 20:00:00,Miami Heat,New York Knicks,3.37511251572,227.508548758,1,0.0365318438206,0.963468156179
2017-03-31 20:00:00,Milwaukee Bucks,Detroit Pistons,8.0735711227,238.245574915,1,0.00557521909292,0.994424780907
2017-03-31 20:00:00,New Orleans Pelicans,Sacramento Kings,5.7993279768,237.41439355,1,0.0144905820745,0.985509417925
2017-03-31 20:00:00,Oklahoma City Thunder,San Antonio Spurs,0.0384893235012,232.454369028,1,0.450330593405,0.549669406595
2017-03-31 19:00:00,Toronto Raptors,Indiana Pacers,4.70888887311,228.050048632,1,0.0455727031103,0.95442729689
2017-03-31 21:00:00,Utah Jazz,Washington Wizards,-0.861050220122,236.426376366,0,0.851734090511,0.148265909489
2017-04-01 18:00:00,Brooklyn Nets,Orlando Magic,-2.79397537901,222.813632296,0,0.960237497884,0.0397625021164
2017-04-01 17:00:00,Chicago Bulls,Atlanta Hawks,8.08714846925,217.860390276,1,0.000958404888687,0.999041595111
2017-04-01 15:30:00,Los Angeles Clippers,Los Angeles Lakers,7.83896342787,232.567498958,1,0.00188748635147,0.998112513649
2017-04-01 20:00:00,Minnesota Timberwolves,Sacramento Kings,8.00221029115,230.61698455,1,0.0027017381312,0.997298261869
2017-04-01 22:00:00,Portland Trail Blazers,Phoenix Suns,6.76145023356,231.028971631,1,0.00970855796616,0.990291442034
2017-04-02 18:00:00,Brooklyn Nets,Atlanta Hawks,2.21120386022,222.235443192,1,0.17722132676,0.82277867324
2017-04-02 18:00:00,Cleveland Cavaliers,Indiana Pacers,0.44659406647,227.610487198,1,0.438852984303,0.561147015697
2017-04-02 20:00:00,Golden State Warriors,Washington Wizards,4.07564879286,236.393373383,1,0.119689429173,0.880310570827
2017-04-02 15:30:00,Los Angeles Lakers,Memphis Grizzlies,0.0280813749956,220.153183182,0,0.792799286567,0.207200713433
2017-04-02 18:00:00,Miami Heat,Denver Nuggets,-0.163474283313,217.760142154,0,0.792755599051,0.207244400949
2017-04-02 15:30:00,Milwaukee Bucks,Dallas Mavericks,4.69240502872,237.672374347,1,0.0197758482349,0.980224151765
2017-04-02 18:00:00,New Orleans Pelicans,Chicago Bulls,2.51355413444,227.319800575,1,0.2442473071,0.7557526929
2017-04-02 13:00:00,New York Knicks,Boston Celtics,-2.93175091063,223.666610802,0,0.884930962326,0.115069037674
2017-04-02 15:00:00,Oklahoma City Thunder,Charlotte Hornets,-6.03220828505,223.690988172,0,0.997396856967,0.00260314303284
2017-04-02 21:00:00,Phoenix Suns,Houston Rockets,-0.109280441407,223.841151711,1,0.471874519879,0.528125480121
2017-04-02 15:30:00,San Antonio Spurs,Utah Jazz,-2.77177846079,230.80519939,0,0.953735059688,0.046264940312
2017-04-02 18:00:00,Toronto Raptors,Philadelphia 76ers,9.00232070464,234.624607656,1,0.00156610258305,0.998433897417
2017-04-03 19:00:00,Minnesota Timberwolves,Portland Trail Blazers,-0.182682461117,242.494251461,0,0.740693451712,0.259306548288
2017-04-04 19:00:00,Cleveland Cavaliers,Orlando Magic,5.60810636521,235.597922457,1,0.0306851703573,0.969314829643
2017-04-04 22:30:00,Golden State Warriors,Minnesota Timberwolves,1.20164560769,237.028815492,1,0.209140488523,0.790859511477
2017-04-04 19:00:00,Indiana Pacers,Toronto Raptors,0.950171838442,229.675143791,0,0.752849630013,0.247150369987
2017-04-04 20:00:00,New Orleans Pelicans,Denver Nuggets,0.669959853748,226.930920434,0,0.860365195186,0.139634804814
2017-04-04 20:00:00,New York Knicks,Chicago Bulls,-3.4535862017,208.125731594,0,0.976934993182,0.0230650068178
2017-04-04 20:00:00,Oklahoma City Thunder,Milwaukee Bucks,-2.93106196185,229.136153866,0,0.982440038182,0.0175599618184
2017-04-04 19:00:00,Philadelphia 76ers,Brooklyn Nets,0.594074433994,207.485470804,1,0.313822655319,0.686177344681
2017-04-04 22:30:00,Sacramento Kings,Dallas Mavericks,-6.46299956761,213.138027114,0,0.990263159007,0.00973684099279
2017-04-04 20:30:00,San Antonio Spurs,Memphis Grizzlies,1.24689809252,229.881439386,1,0.405001006345,0.594998993655
2017-04-04 21:00:00,Utah Jazz,Portland Trail Blazers,-1.03904486532,241.725069427,0,0.804172399917,0.195827600083
2017-04-04 19:00:00,Washington Wizards,Charlotte Hornets,-3.63624918411,229.125008712,0,0.954009807699,0.0459901923012
2017-04-05 20:00:00,Boston Celtics,Cleveland Cavaliers,-2.35519523712,236.524229259,0,0.819122941846,0.180877058154
2017-04-05 19:00:00,Charlotte Hornets,Miami Heat,3.6506143214,247.436874447,1,0.0585492998305,0.94145070017
2017-04-05 19:30:00,Detroit Pistons,Toronto Raptors,-3.68173260699,222.27781937,0,0.971771894433,0.0282281055669
2017-04-05 20:00:00,Houston Rockets,Denver Nuggets,-4.22457192798,232.23836034,0,0.966055407678,0.0339445923219
2017-04-05 22:30:00,Los Angeles Clippers,Dallas Mavericks,6.66826316543,240.936606776,1,0.00987001313076,0.990129986869
2017-04-05 20:00:00,Memphis Grizzlies,Oklahoma City Thunder,1.30561065074,215.568954281,1,0.317389251478,0.682610748522
2017-04-05 22:00:00,Phoenix Suns,Golden State Warriors,-3.71225257615,229.054349508,0,0.993580364389,0.00641963561114
2017-04-05 20:30:00,San Antonio Spurs,Los Angeles Lakers,2.4648357523,223.638132301,1,0.13387856442,0.86612143558
2017-04-06 20:00:00,Atlanta Hawks,Boston Celtics,-6.09652263429,223.507765949,0,0.982118006595,0.0178819934045
2017-04-06 19:00:00,Indiana Pacers,Milwaukee Bucks,1.87850495629,226.79044042,1,0.230762931995,0.769237068005
2017-04-06 19:30:00,New York Knicks,Washington Wizards,-1.12163562469,219.206935569,0,0.916261820711,0.0837381792886
2017-04-06 19:00:00,Orlando Magic,Brooklyn Nets,-3.1477811199,222.19056015,0,0.937699198217,0.0623008017826
2017-04-06 19:00:00,Philadelphia 76ers,Chicago Bulls,-0.500872499724,223.914262271,0,0.520733268334,0.479266731666
2017-04-06 22:30:00,Portland Trail Blazers,Minnesota Timberwolves,0.834928922725,224.011166958,1,0.179512839675,0.820487160325
2017-04-07 19:30:00,Cleveland Cavaliers,Atlanta Hawks,10.4353932048,235.43141199,1,0.00120899215794,0.998791007842
2017-04-07 20:30:00,Dallas Mavericks,San Antonio Spurs,-0.202787028782,224.954781132,0,0.621919862075,0.378080137925
2017-04-07 21:00:00,Denver Nuggets,New Orleans Pelicans,1.55383685125,227.846958095,1,0.263553637523,0.736446362477
2017-04-07 20:00:00,Houston Rockets,Detroit Pistons,2.72232533458,219.099619863,1,0.219303124775,0.780696875225
2017-04-07 22:30:00,Los Angeles Lakers,Sacramento Kings,4.07771698605,213.5739895,1,0.0763963463425,0.923603653657
2017-04-07 20:00:00,Memphis Grizzlies,New York Knicks,2.00214304254,218.571627699,1,0.385505683319,0.614494316681
2017-04-07 22:00:00,Phoenix Suns,Oklahoma City Thunder,-1.64420987681,233.534358332,0,0.770159703846,0.229840296154
2017-04-07 19:30:00,Toronto Raptors,Miami Heat,0.0413740225401,236.341625696,0,0.686109792591,0.313890207409
2017-04-07 21:00:00,Utah Jazz,Minnesota Timberwolves,2.83141918284,239.379054872,1,0.133841543329,0.866158456671
2017-04-08 17:00:00,Brooklyn Nets,Chicago Bulls,2.49552415283,226.024745161,1,0.156995436429,0.843004563571
2017-04-08 18:00:00,Charlotte Hornets,Boston Celtics,3.81698630903,238.330364528,1,0.0912330224037,0.908766977596
2017-04-08 22:30:00,Golden State Warriors,New Orleans Pelicans,5.19804844194,251.359893074,1,0.057718914907,0.942281085093
2017-04-08 18:00:00,Orlando Magic,Indiana Pacers,-0.944155348032,228.704874744,0,0.802366208598,0.197633791402
2017-04-08 19:00:00,Philadelphia 76ers,Milwaukee Bucks,1.04450305434,219.675950233,1,0.249865893294,0.750134106706
2017-04-08 22:00:00,Portland Trail Blazers,Utah Jazz,-3.49288194032,238.790528337,0,0.975201251962,0.0247987480379
2017-04-08 20:30:00,San Antonio Spurs,Los Angeles Clippers,-4.5046011512,227.199127024,0,0.988860008754,0.0111399912462
2017-04-08 19:00:00,Washington Wizards,Miami Heat,2.02359880634,229.731479067,1,0.0768242959115,0.923175704088
2017-04-09 15:30:00,Atlanta Hawks,Cleveland Cavaliers,-3.66162187292,239.270159923,0,0.966057326825,0.033942673175
2017-04-09 17:00:00,Denver Nuggets,Oklahoma City Thunder,6.34899322547,247.005533136,1,0.0107471089232,0.989252891077
2017-04-09 21:30:00,Los Angeles Lakers,Minnesota Timberwolves,0.105616435089,226.686276509,0,0.822065487464,0.177934512536
2017-04-09 18:00:00,Memphis Grizzlies,Detroit Pistons,1.05758111054,223.011012936,1,0.256971965218,0.743028034782
2017-04-09 12:00:00,New York Knicks,Toronto Raptors,0.67321593694,210.589692463,1,0.47108886453,0.52891113547
2017-04-09 18:00:00,Phoenix Suns,Dallas Mavericks,2.86466663034,224.786423604,1,0.0294424781494,0.970557521851
2017-04-09 18:00:00,Sacramento Kings,Houston Rockets,0.628103521129,208.22908961,0,0.785009941909,0.214990058091
2017-04-10 19:30:00,Boston Celtics,Brooklyn Nets,-1.01950392756,241.71114742,0,0.672300478652,0.327699521348
2017-04-10 20:00:00,Chicago Bulls,Orlando Magic,-1.77167483627,237.710813125,0,0.947397615264,0.0526023847362
2017-04-10 20:00:00,Detroit Pistons,Washington Wizards,-1.36624318649,223.174759966,0,0.914512725275,0.0854872747255
2017-04-10 22:30:00,Golden State Warriors,Utah Jazz,4.79424954825,237.104047169,1,0.175503888271,0.824496111729
2017-04-10 22:30:00,Los Angeles Clippers,Houston Rockets,2.78441642978,246.976668116,1,0.244789401291,0.755210598709
2017-04-10 19:30:00,Miami Heat,Cleveland Cavaliers,-1.78157670752,226.549064925,0,0.905933441686,0.0940665583135
2017-04-10 20:00:00,Milwaukee Bucks,Charlotte Hornets,-9.01160012371,212.539492578,0,0.998551840103,0.00144815989659
2017-04-10 19:00:00,Philadelphia 76ers,Indiana Pacers,-5.69639541929,213.588739733,0,0.998163639897,0.00183636010321
2017-04-10 22:00:00,Portland Trail Blazers,San Antonio Spurs,3.17514929345,221.3916311,1,0.0693032896576,0.930696710342
2017-04-11 19:30:00,Atlanta Hawks,Charlotte Hornets,0.484356838015,223.342742564,1,0.255677525908,0.744322474092
2017-04-11 20:30:00,Dallas Mavericks,Denver Nuggets,-1.88054003481,218.868704793,0,0.751751375498,0.248248624502
2017-04-11 22:30:00,Los Angeles Lakers,New Orleans Pelicans,-1.12544704197,222.916764655,0,0.790614497038,0.209385502962
2017-04-11 20:00:00,Minnesota Timberwolves,Oklahoma City Thunder,3.67463246965,246.918006772,1,0.0412046814024,0.958795318598
2017-04-11 22:30:00,Sacramento Kings,Phoenix Suns,-0.89966549733,231.447705499,0,0.865003722828,0.134996277172
2017-04-12 20:00:00,Boston Celtics,Milwaukee Bucks,5.67295023798,225.768629683,1,0.0043789339076,0.995621066092
2017-04-12 20:00:00,Chicago Bulls,Brooklyn Nets,3.1331745404,223.520172326,1,0.0626843196526,0.937315680347
2017-04-12 20:00:00,Cleveland Cavaliers,Toronto Raptors,2.67559138837,233.322923332,1,0.133689606667,0.866310393333
2017-04-12 22:30:00,Golden State Warriors,Los Angeles Lakers,5.49965513961,244.069522592,1,0.0120216890924,0.987978310908
2017-04-12 20:00:00,Houston Rockets,Minnesota Timberwolves,2.30680254682,223.650259483,1,0.189182454274,0.810817545726
2017-04-12 20:00:00,Indiana Pacers,Atlanta Hawks,4.83977032773,251.799349211,1,0.0650973873168,0.934902612683
2017-04-12 22:30:00,Los Angeles Clippers,Sacramento Kings,4.4348059997,255.244179636,1,0.106336399394,0.893663600606
2017-04-12 20:00:00,Memphis Grizzlies,Dallas Mavericks,2.29307485944,227.277722113,1,0.130525293007,0.869474706993
2017-04-12 20:00:00,Miami Heat,Washington Wizards,-3.09970092034,232.006186884,0,0.921066151686,0.0789338483136
2017-04-12 20:00:00,New York Knicks,Philadelphia 76ers,3.20954035606,206.390250027,1,0.0792926634335,0.920707336566
2017-04-12 20:00:00,Oklahoma City Thunder,Denver Nuggets,-4.24557387722,226.414102808,0,0.952626161693,0.0473738383071
2017-04-12 20:00:00,Orlando Magic,Detroit Pistons,-1.95224097122,228.188370531,0,0.867860810672,0.132139189328
2017-04-12 22:30:00,Portland Trail Blazers,New Orleans Pelicans,2.33908746357,226.945787534,1,0.147386244122,0.852613755878
2017-04-12 22:30:00,Utah Jazz,San Antonio Spurs,5.98999272519,231.859686637,1,0.00819904447368,0.991800955526
2017-04-15 15:00:00,Cleveland Cavaliers,Indiana Pacers,-2.32305765301,220.185597282,0,0.910922082847,0.0890779171531
2017-04-15 22:30:00,Los Angeles Clippers,Utah Jazz,7.81820419731,242.683282997,1,0.0216668809196,0.97833311908
2017-04-15 20:00:00,San Antonio Spurs,Memphis Grizzlies,-0.569598833315,222.579407436,0,0.703590086296,0.296409913704
2017-04-15 17:30:00,Toronto Raptors,Milwaukee Bucks,5.46113495789,233.609483725,1,0.016085288898,0.983914711102
2017-04-16 18:30:00,Boston Celtics,Chicago Bulls,3.55337225409,215.787381367,1,0.048099833837,0.951900166163
2017-04-16 15:30:00,Golden State Warriors,Portland Trail Blazers,3.69084631119,214.602998814,1,0.0270055113246,0.972994488675
2017-04-16 21:00:00,Houston Rockets,Oklahoma City Thunder,5.81551673961,232.725789316,1,0.00593135856453,0.994068641435
2017-04-16 13:00:00,Washington Wizards,Atlanta Hawks,4.09643396836,218.965650001,1,0.0453829485329,0.954617051467
2017-04-17 19:00:00,Cleveland Cavaliers,Indiana Pacers,-2.16353127229,234.75471512,0,0.725424118752,0.274575881248
2017-04-17 21:30:00,San Antonio Spurs,Memphis Grizzlies,3.99250622837,220.230651633,1,0.0278953211805,0.972104678819
2017-04-18 20:00:00,Boston Celtics,Chicago Bulls,-0.416045712796,217.703703826,0,0.641307507872,0.358692492128
2017-04-18 22:30:00,Los Angeles Clippers,Utah Jazz,4.5135230078,220.264179743,1,0.0604899689981,0.939510031002
2017-04-18 19:00:00,Toronto Raptors,Milwaukee Bucks,3.59622957375,217.105068077,1,0.0203921526752,0.979607847325
2017-04-19 22:30:00,Golden State Warriors,Portland Trail Blazers,5.23254790382,226.72719809,1,0.0284770905697,0.97152290943
2017-04-19 20:00:00,Houston Rockets,Oklahoma City Thunder,6.12385269047,229.200006701,1,0.00335486662321,0.996645133377
2017-04-19 19:00:00,Washington Wizards,Atlanta Hawks,2.82338319725,217.874860497,1,0.0441045542944,0.955895445706
2017-04-20 19:00:00,Indiana Pacers,Cleveland Cavaliers,0.271391839954,227.435059516,1,0.165946936115,0.834053063885
2017-04-20 21:30:00,Memphis Grizzlies,San Antonio Spurs,-4.96522816575,200.699861201,0,0.992546603817,0.00745339618298
2017-04-20 20:00:00,Milwaukee Bucks,Toronto Raptors,-1.88975394737,209.841178398,0,0.627878995121,0.372121004879
2017-04-21 19:00:00,Chicago Bulls,Boston Celtics,0.790302885732,228.322628939,1,0.395454861421,0.604545138579
2017-04-21 21:30:00,Oklahoma City Thunder,Houston Rockets,-5.15037668139,214.96955026,0,0.99373648258,0.00626351741976
2017-04-21 22:00:00,Utah Jazz,Los Angeles Clippers,-3.87875076381,223.433322043,0,0.947112018861,0.0528879811386
2017-04-22 17:30:00,Atlanta Hawks,Washington Wizards,-3.55817112745,216.371801318,0,0.959638499098,0.0403615009015
2017-04-22 20:00:00,Memphis Grizzlies,San Antonio Spurs,-4.62064068436,220.378503947,0,0.979338076381,0.0206619236193
2017-04-22 15:00:00,Milwaukee Bucks,Toronto Raptors,2.8957811823,217.825681849,1,0.0754654396965,0.924534560303
2017-04-22 22:30:00,Portland Trail Blazers,Golden State Warriors,-5.2566802976,192.014091781,0,0.997054680372,0.00294531962831
2017-04-23 18:30:00,Chicago Bulls,Boston Celtics,-1.28137879317,221.816307438,0,0.763908226647,0.236091773353
2017-04-23 13:00:00,Indiana Pacers,Cleveland Cavaliers,-0.548070055867,229.817245561,0,0.688743867038,0.311256132962
2017-04-23 15:30:00,Oklahoma City Thunder,Houston Rockets,-3.8252248739,222.739714535,0,0.982938665996,0.0170613340037
2017-04-23 21:00:00,Utah Jazz,Los Angeles Clippers,-2.69796396419,232.677451304,0,0.813839417373,0.186160582627
2017-04-24 20:00:00,Atlanta Hawks,Washington Wizards,0.0103851120288,218.392261739,1,0.411572482101,0.588427517899
2017-04-24 22:30:00,Portland Trail Blazers,Golden State Warriors,-5.11736908669,209.179793352,0,0.997361757523,0.00263824247664
2017-04-24 19:00:00,Toronto Raptors,Milwaukee Bucks,1.04278055342,198.998058899,1,0.301853243993,0.698146756007
2017-04-25 20:00:00,Houston Rockets,Oklahoma City Thunder,2.22513440078,211.319588189,1,0.143267067057,0.856732932943
2017-04-25 22:30:00,Los Angeles Clippers,Utah Jazz,2.57232461596,227.416053481,1,0.189917175098,0.810082824902
2017-04-25 21:00:00,San Antonio Spurs,Memphis Grizzlies,1.52249821348,214.110219834,1,0.16002759504,0.83997240496
2017-04-26 20:30:00,Boston Celtics,Chicago Bulls,2.06617756803,212.516881027,1,0.263738307308,0.736261692692
2017-04-26 18:00:00,Washington Wizards,Atlanta Hawks,0.010195042906,216.091270453,0,0.530682108734,0.469317891266
2017-04-27 21:30:00,Memphis Grizzlies,San Antonio Spurs,-0.410993488762,223.595006984,0,0.642319219882,0.357680780118
2017-04-27 19:00:00,Milwaukee Bucks,Toronto Raptors,-1.36532691611,223.466761688,0,0.870959636606,0.129040363394
2017-04-30 13:00:00,Boston Celtics,Washington Wizards,3.51725230829,231.614920633,1,0.172151878557,0.827848121443
2017-04-30 15:30:00,Los Angeles Clippers,Utah Jazz,-0.249754186865,211.55891266,0,0.626150938642,0.373849061358
2017-05-01 19:00:00,Cleveland Cavaliers,Toronto Raptors,5.1290101684,222.284918488,1,0.0117853435627,0.988214656437
2017-05-01 21:30:00,San Antonio Spurs,Houston Rockets,1.5536275509,223.424376635,1,0.076150878833,0.923849121167
2017-05-02 20:00:00,Boston Celtics,Washington Wizards,4.10238239805,248.7817166,1,0.074781415013,0.925218584987
2017-05-02 22:30:00,Golden State Warriors,Utah Jazz,3.98145948583,224.092513598,1,0.0788013707874,0.921198629213
2017-05-03 19:00:00,Cleveland Cavaliers,Toronto Raptors,1.09564898283,223.416286487,1,0.0615678893943,0.938432110606
2017-05-03 21:30:00,San Antonio Spurs,Houston Rockets,0.24282164567,229.001667456,0,0.590405673114,0.409594326886
2017-05-04 22:30:00,Golden State Warriors,Utah Jazz,4.54316868825,228.831325221,1,0.0411321078578,0.958867892142
2017-05-04 20:00:00,Washington Wizards,Boston Celtics,-2.70065857186,229.154195201,0,0.86878181555,0.13121818445
2017-05-05 21:30:00,Houston Rockets,San Antonio Spurs,-1.32441130085,231.871978713,0,0.77095864518,0.22904135482
2017-05-05 19:00:00,Toronto Raptors,Cleveland Cavaliers,-1.71830939545,222.043687295,0,0.849186960791,0.150813039209
2017-05-06 20:30:00,Utah Jazz,Golden State Warriors,-4.06182625704,234.955128687,0,0.976562023833,0.0234379761672
2017-05-07 21:00:00,Houston Rockets,San Antonio Spurs,-1.42638298605,229.581759879,0,0.920816999382,0.0791830006176
2017-05-07 15:30:00,Toronto Raptors,Cleveland Cavaliers,-7.06604708189,223.009716518,0,0.994377833465,0.00562216653517
2017-05-07 18:30:00,Washington Wizards,Boston Celtics,0.802984860476,230.086530391,1,0.4484683276,0.5515316724
2017-05-08 21:00:00,Utah Jazz,Golden State Warriors,-4.58406253717,217.430943875,0,0.952668226094,0.0473317739065
2017-05-09 20:00:00,San Antonio Spurs,Houston Rockets,2.27587479379,221.478039503,1,0.121087953409,0.878912046591
2017-05-11 20:00:00,Houston Rockets,San Antonio Spurs,-0.645002963177,227.644155554,0,0.705564759248,0.294435240752
2017-05-10 20:00:00,Boston Celtics,Washington Wizards,-0.717275009818,227.585493335,1,0.428844343367,0.571155656633
2018-03-07 20:00:00,Chicago Bulls,Memphis Grizzlies,2.380064803040907,205.61801810805395,1,0.08258336378159559,0.9174166362184044
2018-03-07 22:30:00,Denver Nuggets,Cleveland Cavaliers,-0.4166085543317389,244.9975927699866,1,0.43982733713440714,0.5601726628655929
2018-03-07 20:00:00,Detroit Pistons,Toronto Raptors,-5.419120697074079,204.1359294956241,0,0.9986605939479423,0.0013394060520577338
2018-03-07 19:00:00,Indiana Pacers,Utah Jazz,0.15912040961676996,226.388101220015,0,0.7389320329703163,0.2610679670296837
2018-03-07 22:30:00,Los Angeles Lakers,Orlando Magic,3.6383661178154902,238.90576125617562,1,0.1192394563773056,0.8807605436226944
2018-03-07 20:00:00,Milwaukee Bucks,Houston Rockets,-6.168439481235359,222.018342356716,0,0.9960009588228644,0.0039990411771355224
2018-03-07 22:00:00,Sacramento Kings,New Orleans Pelicans,-4.683595892080169,222.37971934396563,0,0.9758572576249254,0.024142742375074674
2018-03-07 20:00:00,Chicago Bulls,Memphis Grizzlies,1.811993531231452,219.71064742736377,1,0.176366806354468,0.823633193645532
2018-03-07 22:30:00,Denver Nuggets,Cleveland Cavaliers,0.4229521078168749,231.13506008522455,1,0.477531926522464,0.522468073477536
2018-03-07 20:00:00,Detroit Pistons,Toronto Raptors,-6.655331052895201,205.4950381867888,0,0.9987840728867623,0.00121592711323771
2018-03-07 19:00:00,Indiana Pacers,Utah Jazz,-1.832448289066806,218.72060121599316,0,0.8108976584920005,0.1891023415079995
2018-03-07 22:30:00,Los Angeles Lakers,Orlando Magic,5.2062052785569195,227.10526728656956,1,0.009787239291460859,0.9902127607085391
2018-03-07 20:00:00,Milwaukee Bucks,Houston Rockets,-7.655500515526433,232.0058723405773,0,0.99741987744872,0.0025801225512800943
2018-03-07 22:00:00,Sacramento Kings,New Orleans Pelicans,-5.8574827954813795,215.74553244100022,0,0.9917888413939336,0.00821115860606631
2018-03-08 19:00:00,Charlotte Hornets,Brooklyn Nets,0.7329101293308091,239.33605187640902,1,0.07219260366211167,0.9278073963378883
2018-03-08 22:30:00,Golden State Warriors,San Antonio Spurs,7.080493349439366,238.291495747244,1,0.019461253493108566,0.9805387465068914
2018-03-08 19:30:00,Miami Heat,Philadelphia 76ers,-1.5728646175055851,226.63119471521532,0,0.7841377511537223,0.2158622488462777
2018-03-08 20:00:00,Minnesota Timberwolves,Boston Celtics,-0.8337183454822377,226.58274466385035,0,0.5309887861225534,0.4690112138774466
2018-03-08 20:00:00,Oklahoma City Thunder,Phoenix Suns,2.2917284560786317,213.71360694960688,1,0.2060540564792236,0.7939459435207764
2018-03-09 21:00:00,Denver Nuggets,Los Angeles Lakers,2.963976222662561,228.95727805523816,1,0.13643182999789827,0.8635681700021017
2018-03-09 19:00:00,Detroit Pistons,Chicago Bulls,-1.2632207980026853,200.5685022353376,0,0.737856259821432,0.26214374017856806
2018-03-09 19:00:00,Indiana Pacers,Atlanta Hawks,0.7708976019546152,206.75932773739814,1,0.22503194662657955,0.7749680533734205
2018-03-09 22:30:00,Los Angeles Clippers,Cleveland Cavaliers,0.09020648691189291,227.07069481505445,1,0.4056421477719915,0.5943578522280085
2018-03-09 20:00:00,Memphis Grizzlies,Utah Jazz,-2.5381688893696337,217.8487710228965,0,0.9356983989392323,0.06430160106076767
2018-03-09 20:00:00,Milwaukee Bucks,New York Knicks,2.7778269642036366,200.48538956917284,1,0.1207469206666496,0.8792530793333504
2018-03-09 20:00:00,New Orleans Pelicans,Washington Wizards,4.649980905071411,229.08018771479672,1,0.03252840419171954,0.9674715958082805
2018-03-09 22:00:00,Portland Trail Blazers,Golden State Warriors,-3.5388776346838724,213.6146139986373,0,0.9296677716740678,0.07033222832593228
2018-03-09 22:00:00,Sacramento Kings,Orlando Magic,-1.1912421675367977,218.7835994937192,0,0.5814439773370993,0.4185560226629007
2018-03-09 19:30:00,Toronto Raptors,Houston Rockets,-2.807077436636158,222.555445839809,0,0.9157790907292589,0.0842209092707411
2018-03-10 17:00:00,Charlotte Hornets,Phoenix Suns,5.337078827348292,203.20834212567416,1,0.00524721048395127,0.9947527895160487
2018-03-10 20:30:00,Dallas Mavericks,Memphis Grizzlies,4.150383013406018,205.15229159003704,1,0.021700334670748278,0.9782996653292517
2018-03-10 22:30:00,Los Angeles Clippers,Orlando Magic,7.392164263913897,215.0917730801821,1,0.0015517714095452106,0.9984482285904548
2018-03-10 19:30:00,Miami Heat,Washington Wizards,0.016452318518031403,229.15364387391853,1,0.2960471754856887,0.7039528245143113
2018-03-10 20:30:00,Oklahoma City Thunder,San Antonio Spurs,1.4601172605451749,224.47996568027568,1,0.1979253482908413,0.8020746517091587
2018-03-10 17:00:00,Charlotte Hornets,Phoenix Suns,5.337078827348292,203.20834212567416,1,0.00524721048395127,0.9947527895160487
2018-03-10 20:30:00,Dallas Mavericks,Memphis Grizzlies,4.150383013406018,205.15229159003704,1,0.021700334670748278,0.9782996653292517
2018-03-10 22:30:00,Los Angeles Clippers,Orlando Magic,7.392164263913897,215.0917730801821,1,0.0015517714095452106,0.9984482285904548
2018-03-10 19:30:00,Miami Heat,Washington Wizards,0.016452318518031403,229.15364387391853,1,0.2960471754856887,0.7039528245143113
2018-03-10 20:30:00,Oklahoma City Thunder,San Antonio Spurs,1.4601172605451749,224.47996568027568,1,0.1979253482908413,0.8020746517091587
2018-03-10 17:00:00,Charlotte Hornets,Phoenix Suns,5.337078827348292,203.20834212567416,1,0.00524721048395127,0.9947527895160487
2018-03-10 20:30:00,Dallas Mavericks,Memphis Grizzlies,4.150383013406018,205.15229159003704,1,0.021700334670748278,0.9782996653292517
2018-03-10 22:30:00,Los Angeles Clippers,Orlando Magic,7.392164263913897,215.0917730801821,1,0.0015517714095452106,0.9984482285904548
2018-03-10 19:30:00,Miami Heat,Washington Wizards,0.016452318518031403,229.15364387391853,1,0.2960471754856887,0.7039528245143113
2018-03-10 20:30:00,Oklahoma City Thunder,San Antonio Spurs,1.4601172605451749,224.47996568027568,1,0.1979253482908413,0.8020746517091587
2018-03-11 15:30:00,Atlanta Hawks,Chicago Bulls,-0.2974906028926072,210.06000533013682,0,0.5862879052455016,0.41371209475449844
2018-03-11 19:30:00,Boston Celtics,Indiana Pacers,6.439328970173339,234.13694371029158,1,0.005694720150945631,0.9943052798490544
2018-03-11 19:30:00,Brooklyn Nets,Philadelphia 76ers,0.7156558665266921,226.11676625533883,1,0.18860329929177644,0.8113967007082236
2018-03-11 19:00:00,Dallas Mavericks,Houston Rockets,-3.614258744610254,223.77406467177636,0,0.8219591192414814,0.17804088075851862
2018-03-11 17:00:00,Denver Nuggets,Sacramento Kings,6.326356803117297,230.33175888739402,1,0.009552466591159936,0.9904475334088401
2018-03-11 21:00:00,Los Angeles Lakers,Cleveland Cavaliers,-0.24452512775170243,219.07301810711837,0,0.5837651593074327,0.4162348406925674
2018-03-11 15:30:00,Minnesota Timberwolves,Golden State Warriors,-2.3960771971700923,232.12234588336207,0,0.7939203916432958,0.20607960835670425
2018-03-11 16:00:00,New Orleans Pelicans,Utah Jazz,2.470015919862998,214.98363424108896,1,0.08497153675463875,0.9150284632453612
2018-03-11 13:00:00,New York Knicks,Toronto Raptors,-6.005934596181735,210.79080897202243,0,0.9885974590802724,0.011402540919727644
2018-03-12 20:00:00,Houston Rockets,San Antonio Spurs,5.122593961621585,232.88256289547584,1,0.026178295809431762,0.9738217041905682
2018-03-12 20:00:00,Memphis Grizzlies,Milwaukee Bucks,-6.891323405363216,199.7100180380936,0,0.9986302424392939,0.0013697575607061604
2018-03-12 20:00:00,Oklahoma City Thunder,Sacramento Kings,1.4430496521042362,224.68626743857683,1,0.08338312996999087,0.9166168700300091
2018-03-12 22:30:00,Portland Trail Blazers,Miami Heat,0.05926863000524626,230.37811340834247,1,0.31901141247404863,0.6809885875259514
2018-03-13 19:30:00,Atlanta Hawks,Oklahoma City Thunder,-3.5929425417083922,214.93227890956544,0,0.9610862961350293,0.03891370386497072
2018-03-13 19:30:00,Brooklyn Nets,Toronto Raptors,-3.989077308672182,223.8472661547463,0,0.9842824435637295,0.01571755643627044
2018-03-13 20:00:00,Chicago Bulls,Los Angeles Clippers,-3.557469822430852,223.59441825013846,0,0.9445825663087167,0.05541743369128332
2018-03-13 22:30:00,Los Angeles Lakers,Denver Nuggets,-1.4826521923952942,230.55298865990912,0,0.8640379837771681,0.13596201622283186
2018-03-13 20:00:00,New Orleans Pelicans,Charlotte Hornets,-3.671293685582468,229.36445842923408,0,0.977909419964072,0.022090580035928016
2018-03-13 19:30:00,New York Knicks,Dallas Mavericks,-2.0993762303251793,209.59733822001397,0,0.8156640671400956,0.1843359328599044
2018-03-13 19:00:00,Philadelphia 76ers,Indiana Pacers,5.492601688842379,225.11000277978073,1,0.0038900969238183647,0.9961099030761816
2018-03-13 22:00:00,Phoenix Suns,Cleveland Cavaliers,-4.4902228078140825,231.22853657380313,0,0.9720946064833207,0.027905393516679332
2018-03-13 20:30:00,San Antonio Spurs,Orlando Magic,-0.14521687661762417,214.84894806877176,1,0.31580200169796024,0.6841979983020398
2018-03-13 21:00:00,Utah Jazz,Detroit Pistons,2.297478060562365,213.24192927100557,1,0.07334890607737887,0.9266510939226211
2018-03-13 19:00:00,Washington Wizards,Minnesota Timberwolves,-0.12643812444643038,217.45249031106096,1,0.3170397789443139,0.6829602210556861
2018-03-14 20:00:00,Boston Celtics,Washington Wizards,1.331369017556468,232.55115343564123,1,0.21579437226404308,0.7842056277359569
2018-03-14 22:30:00,Golden State Warriors,Los Angeles Lakers,-0.6105808537642091,231.3909916155463,0,0.67401093702049,0.32598906297951
2018-03-14 19:00:00,Orlando Magic,Milwaukee Bucks,-6.947623492915913,204.4787396140059,0,0.9995956556482611,0.00040434435173881397
2018-03-14 22:00:00,Sacramento Kings,Miami Heat,-3.711718256529912,203.1845476809666,0,0.9808712543563843,0.0191287456436157
2018-03-15 19:30:00,Atlanta Hawks,Charlotte Hornets,-4.052034163408478,211.18974008988505,0,0.9827462402528352,0.017253759747164837
2018-03-15 21:00:00,Denver Nuggets,Detroit Pistons,11.125752837077489,226.95045690829537,1,0.00018179521680028454,0.9998182047831997
2018-03-15 20:00:00,Houston Rockets,Los Angeles Clippers,1.2462198808964187,229.3879304381563,0,0.5519147670502365,0.4480852329497636
2018-03-15 19:00:00,Indiana Pacers,Toronto Raptors,-6.582185638658645,220.65488170282254,0,0.9993154202202198,0.0006845797797802353
2018-03-15 20:00:00,Memphis Grizzlies,Chicago Bulls,-6.14464154701389,210.5545353105798,0,0.9938809220391207,0.006119077960879243
2018-03-15 19:30:00,New York Knicks,Philadelphia 76ers,-1.491086215966094,199.41448941963577,0,0.8837551528782959,0.11624484712170416
2018-03-15 22:00:00,Portland Trail Blazers,Cleveland Cavaliers,2.733980656365187,220.10887214469813,1,0.0599876891098724,0.9400123108901276
2018-03-15 20:30:00,San Antonio Spurs,New Orleans Pelicans,-0.7440495044869803,210.8063562841953,0,0.5305934042600811,0.4694065957399189
2018-03-15 21:00:00,Utah Jazz,Phoenix Suns,3.456206098208045,224.5624380085967,1,0.021972399721005287,0.9780276002789947
2018-03-16 22:30:00,Golden State Warriors,Sacramento Kings,4.911505053539491,221.150340544817,1,0.036092121732726246,0.9639078782672738
2018-03-16 22:30:00,Los Angeles Lakers,Miami Heat,-0.5111314499073689,225.06153958265193,1,0.3480318750356729,0.6519681249643271
2018-03-16 20:00:00,Oklahoma City Thunder,Los Angeles Clippers,-0.9461616752236864,228.37160542551848,0,0.6213102654251708,0.3786897345748293
2018-03-16 19:00:00,Orlando Magic,Boston Celtics,-5.88397385999565,215.69286412191238,0,0.9948676315119195,0.0051323684880805135
2018-03-16 19:00:00,Philadelphia 76ers,Brooklyn Nets,2.5437131761149723,220.288276912829,1,0.060158502225483024,0.939841497774517
2018-03-16 19:30:00,Toronto Raptors,Dallas Mavericks,5.840377825519058,233.50442603487826,1,0.005976112663366173,0.9940238873366338
2018-03-17 19:30:00,Brooklyn Nets,Dallas Mavericks,0.3926570103962172,217.3025861793236,1,0.398997292587871,0.601002707412129
2018-03-17 20:00:00,Chicago Bulls,Cleveland Cavaliers,0.3230019154542968,226.77791542433994,0,0.7119663771878457,0.2880336228121543
2018-03-17 20:00:00,Memphis Grizzlies,Denver Nuggets,-7.628432153459848,214.34221218227717,0,0.9990184497095834,0.0009815502904165663
2018-03-17 18:00:00,Milwaukee Bucks,Atlanta Hawks,3.5494048660688455,225.83953888241956,1,0.030564274894946952,0.969435725105053
2018-03-17 19:00:00,New Orleans Pelicans,Houston Rockets,-4.310331914693158,223.4086514222364,0,0.9801589882455629,0.01984101175443705
2018-03-17 19:30:00,New York Knicks,Charlotte Hornets,-6.603211595805687,219.55907274344617,0,0.9986144963393686,0.0013855036606313402
2018-03-17 22:00:00,Phoenix Suns,Golden State Warriors,-8.073025105798862,217.37994295265085,0,0.9997271812926511,0.0002728187073488529
2018-03-17 22:00:00,Portland Trail Blazers,Detroit Pistons,9.069019803270328,224.08026956606142,1,0.000378531387256853,0.9996214686127431
2018-03-17 20:30:00,San Antonio Spurs,Minnesota Timberwolves,-4.542800178499573,212.0039203356283,0,0.9821145110300421,0.017885488969957865
2018-03-17 21:00:00,Utah Jazz,Sacramento Kings,1.5809830906317337,232.06593398930826,1,0.05801214676725708,0.9419878532327429
2018-03-17 19:00:00,Washington Wizards,Indiana Pacers,5.501822115182474,231.45846257833054,1,0.0052634339018368115,0.9947365660981632
2018-03-18 22:30:00,Los Angeles Clippers,Portland Trail Blazers,-2.1643748911804517,218.43261258282638,0,0.8617273053951557,0.13827269460484432
2018-03-18 19:00:00,Minnesota Timberwolves,Houston Rockets,-0.02590642991261838,231.12829194559814,1,0.20205158705082682,0.7979484129491732
2018-03-18 18:00:00,New Orleans Pelicans,Boston Celtics,-4.043169261055864,223.52055156701684,0,0.9690644851637925,0.030935514836207444
2018-03-18 13:00:00,Toronto Raptors,Oklahoma City Thunder,4.765471583917872,235.48202587214445,1,0.03447395731642222,0.9655260426835778
2018-03-19 19:30:00,Brooklyn Nets,Memphis Grizzlies,4.228352036202898,240.14285156014483,1,0.023194187696042978,0.976805812303957
2018-03-19 19:00:00,Cleveland Cavaliers,Milwaukee Bucks,-1.0458121824428872,235.41371309962227,1,0.4462875346424263,0.5537124653575737
2018-03-19 19:00:00,Indiana Pacers,Los Angeles Lakers,-6.706264025526552,208.6770615175945,0,0.994490017005575,0.005509982994425002
2018-03-19 19:30:00,Miami Heat,Denver Nuggets,-0.8195343726188046,220.91543133076567,0,0.5026852709857612,0.49731472901423884
2018-03-19 19:30:00,New York Knicks,Chicago Bulls,-3.270101634480974,208.8351415765512,0,0.9562366910251477,0.04376330897485224
2018-03-19 19:00:00,Philadelphia 76ers,Charlotte Hornets,-2.6167925270847747,221.9837432277454,0,0.8654308483043011,0.13456915169569897
2018-03-19 22:00:00,Sacramento Kings,Detroit Pistons,3.3761987036795653,211.81134064929142,1,0.04324478849544444,0.9567552115045556
2018-03-19 21:30:00,San Antonio Spurs,Golden State Warriors,-4.865416069115011,222.18288139593827,0,0.9892452058015272,0.010754794198472854
